discussion,0,158,503,683
play,0,95,158,418,503,857,878,903,1217
ski,0,158,503
meetings,0,158,503
business,0,151,158,487,497,503,719,750,771,856,903,913,1008,1018,1079,1207,1346
review,1,86,670,877,936,1287
gate,2,675
dns,2,675
gas price,3,676,1051
microturbines,3,676,1051
generate,3,676,1051
deal,3,26,328,348,676,713,1051
power,3,93,155,157,207,219,220,245,278,308,321,356,493,499,502,549,557,571,597,630,676,704,707,726,814,843,1006,1051,1128,1149,1164,1175,1203,1205,1343,1361,1363,1364,1405,1428
electric,3,90,167,300,468,493,513,549,654,672,676,707,1051,1083,1119,1325,1343
installation,3,385,676,1051,1110,1314
term,3,676,868,875,1051
fixed,3,266,286,618,638,676,1051,1137
forwarded,3,74,127,172,227,397,407,460,518,578,676,1051,1084,1159,1195,1228,1323
customer,3,676,690,796,827,851,973,980,982,1014,1051,1361
number,3,676,967,968,1051,1246,1286,1301
honeywell,3,676,1051
cost,3,16,90,167,239,513,591,676,678,719,972,1051,1255,1290,1294,1361
frwy,3,676
enron,4,8,32,58,71,86,127,138,161,172,210,211,223,228,235,253,270,273,275,277,299,311,330,355,356,379,394,414,427,436,448,454,467,490,505,509,518,552,560,562,574,581,605,623,625,627,629,653,658,677,682,689,699,716,717,726,736,761,776,792,794,797,798,803,814,821,829,831,842,869,877,878,883,891,908,911,930,936,939,940,972,984,1032,1048,1060,1077,1085,1087,1089,1090,1120,1129,1130,1132,1133,1144,1158,1162,1171,1172,1195,1212,1231,1240,1255,1264,1265,1269,1273,1287,1288,1289,1294,1317,1319,1321,1322,1330,1340,1361,1377,1419,1424,1434
floor gas,4,677
termsmr,4,677
planpaula,7,329
meeting,8,54,75,78,103,113,127,151,170,171,172,231,278,330,376,398,401,487,515,516,518,584,630,782,783,863,910,921,1015,1021,1048,1079,1128,1156,1195,1196,1225,1227,1265,1405,1430
corp,8,58,71,86,161,228,253,299,330,356,379,394,493,505,549,581,605,653,964,1048,1120,1144,1158,1231,1240,1297,1343
var,8,330,1048
wednesday,8,330,493,549,710,763,836,910,967,1048,1108,1141,1251,1255,1301,1343,1355,1368,1369,1372,1375,1400,1405,1407,1428,1437,1438
kimberly,8,54,86,330,376,1021,1048
date,8,24,159,162,312,330,504,659,678,1048,1059,1202,1360,1430
thanks,8,23,53,54,75,86,109,237,256,258,346,375,376,398,432,494,509,525,589,608,610,687,733,734,737,757,804,870,874,918,1016,1021,1038,1077,1080,1141,1143,1183,1227,1258,1328,1330,1331,1370,1392,1393,1411
westgate,9,30,331,343,1047
requirement,9,331,1047
allen,9,16,19,24,29,30,39,159,193,194,210,211,220,229,231,234,240,241,244,259,304,311,313,323,331,342,343,352,362,504,526,543,544,560,562,571,582,584,587,592,593,596,611,634,658,661,673,721,724,842,878,1026,1035,1040,1047,1052,1058,1060,1066,1139,1150,1151,1152,1153,1156,1157,1164,1171,1172,1184,1185,1202,1242,1255,1353,1357,1379,1382,1394,1396,1403,1405,1424,1426
unit,9,216,331,566,704,891,1047,1166
san,9,26,30,217,331,343,351,356,481,568,666,857,935,1047,1081,1099,1103,1255,1308,1327,1349
new,9,30,86,99,130,219,227,249,272,277,289,328,331,343,356,416,422,457,493,578,580,600,624,629,643,695,705,714,715,716,726,792,859,865,866,898,902,916,934,1001,1047,1071,1123,1129,1147,1159,1246,1249,1294,1335,1343
month,9,101,331,424,1047
higher,9,331,493,549,868,1047,1343
alliance,9,331,1047,1337
richards,9,16,29,30,210,211,229,231,234,240,280,304,331,343,352,560,562,582,584,587,592,1035,1047,1127,1152,1153,1156,1157,1171,1172
projects,9,30,210,211,328,331,343,560,562,1047,1171,1172
approved,9,182,215,331,532,1047,1192
multifamily,9,331,1047
hall,10,332,1046
paul,10,332,1046,1139
good,11,41,110,210,211,256,265,404,433,560,562,608,617,687,804,902,1143,1171,1172,1275,1286,1374
check,12,334,385,827,1110,1314,1359
trade,13,14,336,337,493,789,1044,1045,1343,1360
financial,13,14,226,336,337,577,688,693,742,746,776,777,785,795,826,856,871,877,1044,1045,1160,1352,1358,1360,1366
index,13,14,109,336,337,432,493,1044,1045,1183,1343
juan,13,14,336,337,351,481,666,1044,1045,1081,1099,1103,1308,1327,1349
points,13,14,277,336,337,629,1044,1045,1129,1369,1372
gas,13,14,18,38,72,95,104,108,109,134,155,157,200,228,235,242,249,269,275,308,310,321,328,336,337,341,361,395,418,426,431,432,436,448,453,461,499,502,509,517,525,546,550,581,600,621,627,657,681,691,704,721,771,832,846,891,949,970,981,1006,1041,1044,1045,1074,1076,1077,1085,1087,1109,1112,1130,1134,1147,1158,1180,1183,1188,1197,1203,1205,1217,1244,1251,1278,1321,1324,1330,1331,1333,1352,1355,1358,1363,1366,1369,1372,1383,1385,1386,1393,1395,1396,1400,1436,1437
prices,13,14,53,104,187,253,297,336,337,375,426,538,603,605,1044,1045,1068,1144,1189,1197,1416,1417
physical,13,14,149,248,328,336,337,482,599,1020,1044,1045,1148
phone,13,14,336,337,780,855,958,1044,1045,1062,1303,1359,1384,1389,1390
counterparty,13,14,336,337,1044,1045
buyer,13,14,336,337,1044,1045
monthly,13,14,149,336,337,482,787,859,1020,1044,1045
firms,13,336,1044,1045
amerex,13,336,1045
phillip,14,24,74,82,91,96,121,141,148,155,159,166,169,178,180,186,190,191,197,201,211,220,231,236,241,242,244,270,276,305,306,308,310,337,397,413,445,472,480,499,504,509,512,514,517,528,537,541,547,551,562,571,584,588,593,596,623,641,645,657,681,731,733,737,739,740,757,791,804,815,823,839,840,852,869,878,897,900,930,939,948,964,986,1002,1005,1022,1064,1065,1076,1077,1133,1150,1151,1156,1164,1171,1178,1181,1187,1193,1202,1205,1219,1228,1245,1255,1259,1260,1264,1275,1281,1294,1297,1330,1351,1352,1354,1355,1356,1357,1358,1361,1362,1365,1366,1369,1371,1372,1373,1378,1383,1388,1389,1390,1397,1406,1407,1408,1411,1413,1415,1416,1420,1424,1425,1427,1430,1431,1435,1436
loan,16,226,241,244,577,593,596,898,1150,1151,1160
land,16,993
investments,16,977
fee,16,1066
lots,16,29,30,343,352,1035
equity,16,216,266,286,566,618,638,1137,1166
creekside,16,594,1069,1336
construct,16
total improved,16
value,16,187,538,1189
site,16,21,30,343,743,765,784,785,793,808,942,952,1007,1010,1139,1267
investor,16,789,826,868,977
subs,16
reports,16,121,252,445,604,747,773,977,1145,1437
expenses,16,204,260,554,612,767
structure,16,936,937,1361
pre,16
labor,16,260,483,612,1216
developed,16
direct,16,417,805,1009,1288
months,16
bookkeeping,16
generally,16
design,16,193,194,210,211,543,544,560,562,851,1171,1172,1184,1185
phases,16
initial,16,359,1097,1309,1370
cover,16
considering,16
plus,16,260,612,690,713,750,793,1017
equipment,16,309,656,851,1062
buyers,16,534,778,869,1075,1332
keith,16,161,162,328,505,721,732,1261,1416,1417
cornice,16
association,16
partnership,16,1354,1357
estimate,16
llc,16
recourse,16
spec,16
professionals,16
posted,16
meetingnymex,17
position,18,28,125,126,328,341,451,452,765,784,1041,1116,1117,1399,1403
closing,19,81,342,1040
atty,19,342,1040
sound,19,342,356,1040
key,21,134,277,344,461,629,1112,1129
paymentbrenda,22
sept,22,1410
market,23,104,134,155,157,187,308,321,346,359,369,426,461,468,491,499,502,538,689,703,727,743,745,752,759,765,784,808,809,812,826,891,968,995,1006,1007,1038,1083,1096,1097,1112,1189,1197,1203,1205,1211,1266,1267,1283,1305,1309,1311,1325,1341,1360,1361
contact,23,312,346,659,706,792,831,908,1038,1059
calendar,24,159,162,504,1202
databases,24,159,162,319,504,668,827,1055,1202
work,24,159,162,504,720,932,987,1202,1431
extension,24,159,504,1202
office,24,36,51,147,159,162,358,372,479,504,763,776,788,838,994,1023,1028,1029,1202,1294
chelsea,26,348
happy,26,348,847,936,984
mapped,27,349
bedroom,29,352,878,1035
price,29,30,93,103,113,170,171,185,235,335,343,352,386,416,427,436,448,454,515,516,535,689,713,750,767,782,783,793,983,994,1035,1085,1087,1094,1100,1190,1196,1307,1315,1319,1321,1322,1357,1377,1428
rental,29,352,1035
additional,29,154,296,304,352,492,498,634,706,771,841,855,867,1035,1066,1206,1210,1288,1342,1383
duplexes,29,352,1035
lewter,29,30,210,211,229,234,240,343,352,560,562,582,587,592,1035,1152,1153,1157,1171,1172
sincerely,29,352,720,844,861,875,958,1035,1108,1284,1285,1303
builders,29,352,1035
austin,30,343,534,1075,1332
preferences,30,343,768,799,955,1302
improvement,30,343
exceptional,30,343
scheduled,30,343,493,792,1343
thursday,30,32,39,120,270,343,355,362,444,721,817,973,1026,1032,1136,1283
town,30,343
express,30,343,693,827,1261,1388
sales,30,343,704,717,827,1256,1292,1437
downdraft,30,343
proforma,30,295,343,594,650,1069,1336
severe,30,343
freakish wind,30,343
single family,30,343
loop,30,343
gated,30,343
street,30,343,920,973,980,982,1018,1305
area,30,147,343,479,493,717,994,1343,1383
pond,30,343
line,30,343,453,691,697,707,796,846,892,898,981,1000,1109,1244,1250,1251,1278,1324
star,30,343
utility,31,354,734,997,1033,1421,1427
hotmail,31,50,51,52,354,371,372,373,1022,1023,1024,1033
assessment,32,74,287,355,397,1032,1228
program,32,36,39,84,272,355,358,362,407,624,681,1026,1029,1032,1223
action,32,132,277,355,369,459,629,1032,1096,1113,1129,1266,1311
participation,32,355,1032
technical,32,355,440,704,999,1032,1086,1320,1416,1417
data,32,61,83,355,356,383,406,693,777,785,792,827,831,908,958,969,988,1032,1238,1303,1360
debbie,32,355,1032
survey,32,162,355,1014,1032
manager,32,58,225,305,306,310,355,379,641,645,657,958,1032,1064,1065,1240,1255,1303,1412
executive,32,84,355,407,1032,1223
performance,35,357,490,850,857,908,984,1030,1212,1287,1340,1371
commercial support,35,357,1030
information,36,39,86,162,206,358,362,385,556,690,775,792,799,813,831,877,958,968,1026,1029,1108,1110,1284,1285,1303,1314,1356
email,36,39,162,358,362,369,370,682,695,708,731,747,769,775,787,807,823,827,857,890,892,897,900,902,926,950,974,992,1005,1026,1029,1096,1245,1275,1299,1305,1311
subject,36,39,154,296,356,358,362,460,498,732,933,939,948,1026,1029,1084,1206,1288,1323,1369,1372,1402,1425,1430,1433
smith,36,39,205,213,232,250,358,362,555,564,585,601,778,809,1026,1029,1146,1155,1169,1176,1351,1354,1376,1437
christi,36,242,358,517,525,1029,1076,1385,1386
john,36,39,54,75,86,161,162,220,277,358,362,376,505,571,629,713,724,793,865,942,952,969,970,1017,1021,1026,1029,1129,1139,1164,1377,1382,1394,1397,1402,1410,1431,1435
provide,36,39,358,362,920,1026,1029
form,36,39,358,362,1026,1029
selection,36,39,358,362,1026,1029
sent,36,39,139,140,241,358,362,469,471,534,593,732,761,783,869,878,921,930,948,1026,1029,1054,1070,1075,1151,1242,1263,1264,1332,1355,1370,1374,1378,1383,1385,1386,1400,1405,1416,1417,1424,1438
original,36,39,139,140,147,241,243,358,362,479,534,593,595,721,732,736,791,839,840,842,869,874,878,930,933,939,948,969,1026,1028,1029,1075,1151,1242,1255,1263,1264,1277,1332,1353,1354,1356,1358,1359,1365,1370,1371,1385,1386,1390,1393,1395,1407,1411,1413,1420,1424,1425,1426,1430,1432,1437,1438
services,36,39,358,362,752,780,792,796,823,826,831,845,851,868,934,952,1026,1029,1305,1383
importance,36,328,358,1029
fyi,37,71,360,394,1027,1231,1396
caps,37,103,170,235,360,436,515,1027,1087,1196
north,37,66,72,75,185,360,389,395,398,493,535,707,985,1190,1227,1230,1235,1295,1343,1383
report,38,51,52,104,245,335,361,372,373,426,597,695,757,766,780,804,818,820,831,889,909,917,954,968,983,999,1022,1023,1100,1139,1149,1197,1280,1305,1307,1377,1391
requests,42,363
generation,43,66,227,289,315,365,389,578,580,643,662,704,1025,1057,1071,1123,1159,1235,1335
jim,43,66,227,233,289,365,389,578,580,586,643,794,869,1025,1071,1123,1154,1159,1235,1277,1294,1335,1370
sorry,43,144,365,1025
belden,43,253,365,605,1025,1144
updated,44,163,476,507
plan,45,305,306,366,641,645,689,716,933,964,992,1064,1065,1246,1282,1297,1304,1425
filing,46,764,1017,1405
trading,47,76,305,306,310,323,328,340,368,552,641,645,657,673,817,1052,1064,1065,1371
files,48,780,793,827,969,988
kean,49,56,164,165,508,510,1198,1199
lay,49,56,164,165,414,508,510,1090,1198,1199,1317
alan,49,56,164,165,508,510,682,1198,1199,1428,1437
ken,49,56,164,165,508,510,879,1139,1198,1199
regulatory,49,56,164,165,508,510,977,1198,1199
duties,50,371,1024
tenant,50,371,1024
apartment,50,371,375,1024,1125,1357
people,50,256,371,608,1024,1143
daily,50,51,52,90,138,167,233,328,371,372,373,467,513,586,709,1023,1024,1089,1154,1305
frig,51,372,1023
lucy,51,265,372,617,1023
tomorrow,52,373,374,602,869,936,1022,1092,1312
sdli,53
buying,53,277,629,888,1108,1129
friday,54,220,348,376,571,755,795,798,939,981,1021,1164,1385,1386,1411
august,54,58,376,1021,1133,1427,1430
ena,54,277,376,629,755,1021,1129
scott,54,84,86,252,376,407,604,921,964,970,1021,1139,1145,1223,1297,1383,1404,1416,1417,1435
chapman,54,86,376,1021
committee,54,155,157,308,321,376,499,502,1021,1203,1205
david,54,86,278,376,465,630,690,793,819,854,910,933,1017,1021,1098,1107,1128,1263,1353,1365,1371,1377,1425
management,54,109,304,376,432,490,549,590,634,792,920,1021,1183,1212,1262,1340
gustafson,54,376,1021
feel,54,987,1021,1137
eol,55,92,377,415,552,1218,1384,1389,1390
permian,57,378,1241,1383
socal,57,187,378,420,501,538,1078,1088,1189,1241,1318,1329
transportation,58,138,379,467,1089,1240
model,58,88,379,411,843,1220,1240
mark,58,86,249,278,379,552,600,630,868,936,1128,1147,1240,1377,1396
griffith,58,379,1240
questions,58,212,563,713,822,929,968,1048,1170
desk,59,74,121,200,256,258,381,397,445,550,608,610,720,855,884,907,1141,1143,1180,1228,1436
jeff,60,86,252,382,604,695,728,776,1145,1239,1256,1359,1361,1379,1381,1385,1386
requested,60,61,202,216,294,382,383,553,566,579,649,679,696,718,751,754,774,786,800,801,816,828,860,880,882,895,899,905,912,919,927,928,953,957,976,978,991,1004,1012,1013,1019,1106,1166,1177,1238,1239,1247,1252,1272,1276,1296,1345
resource,60,61,70,202,294,312,382,383,393,553,579,649,659,679,696,718,751,754,774,800,801,816,828,860,880,882,895,899,905,912,919,927,928,953,957,976,978,991,1004,1013,1019,1059,1106,1177,1232,1238,1239,1247,1252,1272,1276,1296,1345
phy,60,382,1239
non,60,382,1239,1430
resume,63,511
website,64,384,1237
overage,65,387
america,66,72,75,185,389,395,398,535,632,1027,1190,1227,1230,1235,1305
update,66,86,155,157,269,277,308,321,389,499,502,621,629,1129,1134,1203,1205,1235,1305,1400,1404,1428
tim,66,185,218,389,460,535,569,757,804,1084,1165,1190,1235,1242,1323,1361,1377,1382,1394,1397,1399,1426
mike,67,77,84,86,161,162,205,213,214,233,245,274,367,390,400,407,505,555,564,565,586,597,626,717,721,763,837,857,884,932,1131,1149,1154,1167,1176,1223,1416,1417
terms,68,391,693,742,777,781,1234
offer,68,391,492,711,851,996,1210,1234,1342
county,68,312,391,659,994,1059,1234
vehicles,69,385,392,916,1110,1233,1314
credit,69,226,385,492,577,773,780,867,873,1110,1160,1210,1282,1314,1342,1420
purposes,69
energy,70,93,207,393,416,493,549,557,689,704,752,813,920,1006,1175,1232,1255,1343,1361,1383
filed,71,394,1231
compliance,71,394,1231,1363,1364
comments,71,394,448,721,1231,1287,1321,1360
edwards,71,394,878,1231
columbia,71,394,1231
pipelines,71,134,394,461,1112,1231
cig,71,394,1231
plain,71,394,1231
filingsfyi,71,394,1231
list,71,121,151,182,200,215,220,312,394,445,451,487,490,532,550,571,659,890,1007,1059,1079,1164,1180,1192,1212,1231,1246,1340,1368,1385,1386,1437
priority,71,125,394,707,827,1117,1231
product,72,395,850,970,977,989,1230,1383
avg,72,395,693,742,777,781,785,1230
positions,73,396,924,1229,1242,1426
open,73,307,396,651,910,1229
cactus,73,396,1229
andy,73,1229,1246,1431
analysts,74,270,271,397,623,746,1133,1228,1305
needs,74,397,1228,1381
hillis,75,78,398,401,1225,1227
kim,75,143,398,474,1227,1353
lavorato,75
mail,76,161,193,194,223,399,505,543,544,574,827,958,1162,1184,1185,1226,1285,1303
tuesday,78,398,401,549,705,739,835,881,921,960,1225,1227,1250,1271,1278,1354,1433,1435
counterparties,79,402,1224
customers,79,402,689,740,779,790,832,852,1224,1282,1304
neal,79,110,402,433,1224,1374
century,80
telephone,81,920
contractor,82,166,512
flores,82,166
worked,82,512
matt,83,205,213,285,404,406,555,561,564,637,721,813,884,1169,1176
greg,84,86,278,407,630,678,793,1128,1223,1290,1377,1425,1436
marks,84,407,1223
training,84,407,821,1223,1279
help getting,84,407,1223
course,84,407,845,1223
influence,84,407,1223
delainey,84
year,84,216,566,719,813,1166,1246,1248
week,85,207,493,557,902,1175,1343
ect,86
gis,86
response,86
george,86,139,140,211,216,238,469,471,562,590,1054,1070,1166,1171
employee,86,206,556,1412
hrgis,86
kathy,86,252,604,724,725,881,960,1139,1145,1271
memo,86
appreciated,86
taylor,86,865,887
tina,86
laura,86,771,1435
thompson,86,1435
blair,86
thomas,86,1007,1139
history,86,241,244,593,596,1150,1151
current,86,200,492,550,1180,1210,1342
employment,86
global,86,908
michael,86,227,252,269,277,289,578,580,604,621,629,643,908,1071,1123,1129,1134,1139,1145,1159,1335
brian,86,493,792,1343
black,86,109,432,876,904,1183
directors,86
brad,86,1263
davis,86,278,483,630,640,695,1105,1128,1216,1347
sheila,86
shirley,86,843
rapid growth,86
operating companies,86
command line,86
hard copy,86
need,86,270,623,940,941,943,1133
education,86
prc requests,86
feel free,86
days ago,86
target date,86
ventures,86
elena,86
roberts,86
home,86,189,267,540,619,750,916,1005
craig,86
angie,86
reminder,86
bowen,86
skinner,86
jaime,86
cliff,86
pilar,86
melissa,86,1430
cristina,86
materials,87,111,112,118,410,434,435,442,1142,1173,1179,1221
storage,88,96,100,169,411,423,514,920,1215,1220,1370
version contains,88,411,1220
research,88,411,465,693,704,777,781,785,843,868,934,1098,1220,1266,1305
variable,88
decision,88
time,89,155,157,233,269,308,321,328,412,499,502,586,621,683,792,831,852,869,901,908,911,920,942,968,972,974,998,1005,1010,1134,1154,1169,1203,1205,1279,1282,1294,1305,1363,1364,1370,1389,1400,1405,1415,1428
downloadable,91,413,1219
away,91,413,823,1010,1219
soon,91,413,1219,1374
instructions,91,151,413,487,1079,1219
dear,91,132,413,453,459,1108,1109,1113,1219,1324
book,92,258,415,610,768,827,1141,1218
walters,92,415,1218
mick,92,415,1218
renovation tasks,94
normal,94,417
actual,95,418,1217
probably,95,418,1217
california,95,134,154,245,249,277,278,279,296,418,461,498,549,597,600,629,630,631,803,827,1112,1128,1129,1147,1149,1206,1217,1381
marginal,95,418,1217
presentation,95,418,752,1217
different,95,411,418,1282,1294
waha,96,169,514
daily injection,96,169,514
capacity,96,104,124,169,426,449,514,1197,1396
june,96,169,514,1367
login,97,419,958,1303
owner,98,421,820,889,954,999,1280,1420
biking,99,422
evelyn,99,422
job,99,422,690,713,746,750,767,793,875,997,1017,1365,1371
baby,99,422
ride,99,422
transport,100,328,423,1215
curve,100,423,1215
nwpl,100,423,1215
basin,100,134,423,461,1112,1215
clay,100,423,1215
kingsgate,100,423,1215
sitara,100,423,908,1215
pgen,100,423,1215
injection,100,423,1215
ques,100,423,1215
way,100,423,1215
malin,100,423,1215
day,102,196,425,493,904,922,1288,1343
resolve,102
ray,103,170,515,1196,1360,1400,1405,1428
answer,103,161,170,505,515,902,1196
chairman,103,170,515,1196
delayed,103,170,515,1196
hebert,103,170,515,1196
yesterday,103,170,515,878,1196,1398
filled,103,170,515,1196
finally,103,170,515,1196
competitive,103,170,515,1196
shortages,103,170,515,1196
discussions,103,170,515,1196
doors,103,113,170,171,515,516,1196
helps,103,1108
image,104,210,211,369,385,426,491,560,562,594,681,693,695,703,727,729,730,731,740,742,743,745,759,768,769,777,779,781,785,787,790,799,807,808,809,823,848,850,852,853,857,859,873,890,897,900,902,904,913,915,916,922,955,956,971,974,992,995,998,1000,1001,1002,1005,1006,1007,1069,1096,1110,1171,1172,1197,1211,1245,1249,1266,1267,1302,1304,1311,1314,1336,1341
notices,104,426,1197
snapshot,104,426,1197
capacitycenter,104,426,1197
intelligence,104,426,453,691,846,981,1109,1197,1244,1250,1251,1278,1324
pick,104,426,1197
owner financing,105,428
rate,105,428,775
border,106,249,429,600,892,996,1147,1191,1249
williams,106,429,1191,1254
short,106,429,1191
merrill,106,429,703,727,745,759,765,784,1191
alert,106,429,741,746,833,856,962,982,1008,1018
dsl,107,430
function,108,431,1188
managing,108,431,813,995,1015,1188
laird,108,431,1188
shareholder,108,431,1188
weather,108,431,493,709,1188,1343
throughput related,108,431,1188
like,109,356,432,695,803,902,903,995,1183,1294,1361
bob,109,432,878,1139,1183
assets,109,432,1183
portfolio,109,432,698,749,822,849,894,1183
sounds like,110,623
foundation,114,437
worksheet,115,116,438,439,1163,1168
results,117,441,483,1216
strategy,118,442,725,1142,1397
luck,119,443
west,121,182,215,282,305,306,310,399,445,493,532,641,645,657,726,802,830,872,885,914,925,951,1064,1065,1072,1192,1226,1269,1343,1355,1393,1395,1403,1426
map,122,123,446,447,1121,1124
accuracy,125,126,451,452,1116,1117
real,127,172,518,761,845,1195,1373,1386
viewing,127,172,518,1195
click,127,161,172,505,518,681,695,714,731,758,770,780,890,900,916,922,962,984,998,1195,1245,1275,1305
ferc,127,155,157,172,308,321,499,502,518,683,782,783,910,1195,1203,1205,1363,1364,1369,1372,1400,1428,1437
video,127,172,518,705,750,1195,1430
connect,127,172,518,1195
fax,128,232,250,455,585,601,726,788,935,1146,1155,1273,1351,1420
southanymore,129,456
print,130,457
selecting,130,457
great,130,385,457,747,1110,1314
page,130,457,707,729
summaries,131,458,1114
lee,132,241,244,459,593,596,888,1113,1150,1151,1243,1288
news,132,316,385,459,468,484,640,664,685,689,690,704,713,750,767,780,793,803,819,826,827,847,854,855,868,869,887,888,891,903,913,917,942,952,975,997,1006,1017,1083,1105,1108,1110,1113,1182,1243,1248,1314,1325,1347
exclusively,132,459,1113
game,132,151,459,460,487,854,902,904,1079,1084,1113,1323
album,132,459,1113
hulk,132,459,1113
hero,132,459,1113
begin,132,459,1113
stan,132,459,1113
risk,133,173,195,519,936,949,967,995,1262,1301
futures,133,173,519
short price,133,173
pira,134,461,1112
prospectus,134,461,1112
study,134,461,1112
regions,134,461,707,1112
american,134,461,707,827,1051,1112,1305,1388
clients,134,461,1112
jsteele,134,461,1112
subscribing,134,461,1112
pricing,134,269,461,621,707,758,813,851,1112,1134,1415
biltmore,134,461,1112
access,135,462,698,719,749,773,786,792,831,849,894,989,1012,1230,1361
fine,135,303,628,891
attached,136,374,463,922,932,1092,1312
social,137
security,137,686,705,750,806,887,975
body,138,324,467,674,1089,1249
shop,138,467,686,797,956,1089,1434
quotes,139,140,385,469,471,1054,1070,1110,1314
rahal,139,140,469,471,1054,1070
branch,139,140,469,471,1054,1070
suite,139,140,469,471,708,926,1054,1070,1181,1288
invoicekim,142,473
turnaround,144,476
cash,145,210,211,260,477,560,562,612,678,789,941,1171,1172,1290,1294
traders,145,292,477,493,647,995,1343
dopewars,146,478,1036
living,147,479,1028
style,147,479,728,1028
dining,147,479,1028
concrete,147,479,485,1028,1115
simply,147,162,414,479,686,780,1028,1090,1317
pallen,147,298,479,652,854,869,887,888,917,1017,1028
features,147,479,851,1028
gifts,147,479,847,865,888,890,942,952,975,1028,1243,1248
following,147,479,493,699,813,843,906,936,1028,1343,1402
neuner,149,482,1020
emails,150,486,788,845,994,1292
shockmachine,151,487,1079
arcade,151,487,1079
unsubscribe,151,487,1079
playing,151,487,902,1079
super,151,487,1079
memories,151,487,1079
high,151,356,487,493,549,757,804,1079,1343
link,151,487,822,904,1079
att,151,487,1079
machine,151,487,1079
ashish,153,175,520
summary,154,296,498,1206
load,154,185,213,296,460,498,535,564,610,1084,1169,1190,1206,1323
wholesale,155,157,308,321,499,502,1203,1205,1363,1364,1369,1372,1405,1428
proposed,155,157,308,321,499,502,1203,1205,1364,1400,1428
privileges,155,157,308,321,499,502,1203,1205,1363,1364,1369,1372,1400,1405,1428
attorney,155,157,308,321,499,502,1203,1205,1363,1364,1369,1373,1400,1405,1428
communication,155,157,308,321,499,502,955,1203,1205,1302,1369,1372,1400,1428
code,155,157,308,321,499,502,827,904,971,1203,1205,1363,1364,1381,1405
state,155,157,308,321,499,502,689,707,740,790,827,1203,1205,1284,1304
items,155,308,499,890,1205,1359,1363,1364
host,155,308,499,1205
track,160,174,176,177,179,195,299,364,521,529,653,722,763,1093,1120,1310,1355
outlook,161,281,505,633,1126
owa,161,505
communications,161,162,212,264,356,505,563,616,1138,1170,1253,1254,1281
natalie,161,162,505
booking,161,505
accessible,161,505,798
dale,161,162,505
message,161,386,505,640,685,761,906,983,1003,1094,1105,1285,1315,1347,1369,1372
johnson,161,162,505,1139,1385,1386
entries personal address,161,505
franklin,161,162,505
gary,161,162,505,1406
donald,161,162,505
tracy,161,162,505
internet,161,356,369,491,505,682,703,727,730,743,759,765,782,784,808,809,861,888,910,973,1007,1096,1108,1211,1266,1267,1304,1311,1341
note,161,505
user,161,162,505,567,1028
lists,161,505
gabriel,161,162,505
use,161,232,466,505,585,736,750,761,827,842,869,878,930,939,1155,1255,1264,1265,1294,1419,1424
task,161,505
journal,161,505,980,982,1018
sharing,161,505
web,161,505,713,767,793,819,821,847,865,903,952,975,1017,1139
joe,161,162,505,845,994,1139,1292
recall,161,505
edgar,161,162,505
lance,161,162,505
gwynn,161,162,505
future plans,161,505
center,161,385,699,792,831,892,908,985,994,1110,1314
resolution,161,505
subtle differences,161
abroad,161,505
mailbox,161,162,505
migration,162
currently,162,1385,1386
notes,162
pilot,162
palm,162
individual,162
send,162,859,1286
hit,162
messaging maintains,162
near future,162
groups,162,771
mailings,162,1108,1305
versus,166,512
bryan,168,177,522
buckley,168,522
karen,178,191,278,528,630,755,1128,1193,1353,1402
slides,178,191,528,1193
natural gas,178,181,191,203,528,531,1193
york,178,191,493,1193,1343
rotation,179,280,529,632,1127
wiring,180,198,530
lien,180,198,530
director,182,215,305,306,310,532,641,645,657,1064,1065,1192
central,182,215,450,532,1118,1192
desks,182,215,532,1192,1383
specialist,182,215,532,1192
east,182,215,493,532,1192,1343,1370
basis,182,215,249,532,600,896,965,1147,1192
jess,182,215,532,1192,1385,1437
hewitt,182,215,532,721,1192
insurance,183,221,533
jeanette,183,221,533
policy,183,221,533,745,765,784,785,808,809,1007,1264,1267
press,184,252,527,604,829,1145
reductions,185,535,1190
mwa,185,535,1190
caiso demand,185,535,1190
calif,185,535,549,1190
years,185,535,693,704,742,777,781,785,788,868,1001,1190
total,185,188,210,211,535,539,560,562,678,722,755,851,1171,1172,1190,1290
peak,185,535,1190
aimed,185,535,1190
curtailing,185,535,1190
economic,185,535,868,934,1190
figure,185,535,1190
aluminum,185,535,1190
control,185,535,1190
privilege,187,538,1189
recipient,187,538,549,842,939,1189,1265
utilities,187,356,538,549,704,781,1189,1361,1400
set,187,538,902,1189
quality,187,497,538,1189,1207,1346
regulated,187,538,1189
apr,187,492,538,1189,1210,1342
public,187,538,1189,1277
kohutek,188,539
larry,188,201,539,551,690,819,847,854,888,1178
cary,189,540
specification,189,540
near,189,193,194,543,544,904,1184,1185
ees,190,277,541,629,792,831,908,1129,1187
roof,193,194,543,544,1184,1185,1255
reagan,193,194,543,544,1184,1185
overall,193,194,543,544,1184,1185,1387
shaped,193,194,543,544,1184,1185
content,194,544,819,892,937,973,982,996,1184,1431
mar,194,544,693,777,781,785,1184
thu,194,544,1184
farmhouse,194,544,1184
received,194,544,1184
dexter,197,268,547,620,1135,1181,1407,1408
http,197,547,796,797,996,1181
drive,197,547
coach,198,530,534,1075,1332
completion,199,548
engineer,199,548,1356
project,199,216,226,548,566,577,803,1160,1166,1370
lower,199,493,548,1343
looks,199,548,952,1217,1374
architectural,199,548
soils,199,211,548,562,1171
plans,199,548,795
group,200,305,306,310,550,641,645,657,803,1064,1065,1180,1361,1396
erika,200,550,1180
address,200,243,550,595,827,958,1180,1284,1303
members,200,550,977,1180,1434
description,200,550,1180
multi,200,550,855,1180
jesus,200,550,1180
directory sync,200,550,1180
griffin,200,550,1180
allowed,200,550,1180
company,201,252,551,604,704,827,833,856,888,989,1145,1178,1266
buyout,201,210,211,551,560,562,1171,1172,1178
pocket,204,554
water,207,557,1175
said,207,356,493,549,557,1175,1343
cal,207,557,1175
hour,207,557,1175
aod,207,557,1175
grants,208,558
account,208,425,558,758,768,1284
compensation,208,558
stock,208,558,826,933,961,964,977,1283,1297,1300,1305
file,209,216,386,559,566,640,685,690,721,869,878,906,983,1094,1105,1166,1174,1315,1347,1354,1431
checklist,209,559,1174
contracts,210,211,277,493,560,562,629,761,1129,1171,1172,1261,1343
claudia,210,211,560,562,1171,1172
bishops,210,211,560,562,678,844,1171,1172,1261,1290,1362
professional,210,211,560,562,850,1171,1172
unpaid,210,211,560,562,1171,1172
prior,210,211,560,562,1171,1172
expenditures,210,211,560,562,1171,1172
cbpres,210,211,560,562,634,1066,1166,1171,1172
table,210,493,560,892,996,1108,1172,1249,1343
painewebber,212,264,563,616,1138,1170
answered,212,563,1170
database,213,564,1169
gen,213,564,1169,1269
forecast,213,218,564,569,1165,1169
core,213,564,1169,1361
sagewood,216,226,566,577,1160,1166
debt,216,566,1166
rent,216,241,244,566,593,596,609,1150,1151,1166
pro,216,566,952,1166
mapttra,216,566,1166
hard construction,216,566,1166
development,217,568,757
marcosdarrell,217,568
high cost,217,568
biop,218,569,1165
hydro,218,281,569,633,1126,1165
commodities,220,571,1164
cross,220,571,952,1164
frank,220,571,884,921,969,1139,1164,1263,1418,1437
authorized,220,571,1164
directly,222,573
marketers,222,573
whitt,222
anne,223,574,1162
deals,223,226,318,574,577,667,843,884,922,1010,1056,1160,1162
basdeload,223,574,1162
marcos,224,307,575,651,655,1063,1161
plant,225,312,576,659,689,891,1059
moved,225,576
officer,226,577,688,1160
typically,226,577,1160
january,227,578,1159
recession,228,581,1158
impact,228,245,581,597,1149,1158
approx,228
costs,229,234,238,304,582,587,590,634,1066,1153,1157
construction loan,229,234,582,587,1153,1157
status,230,583,779,902
doug,232,585,1139,1155
stage,232,585,1155
amf broker,232,585,1155
texas,232,250,585,601,734,968,1146,1155,1354,1376,1421,1427
today,232,269,493,585,621,692,707,748,767,796,844,865,901,950,1017,1134,1155,1194,1285,1299,1343
agreement,232,585,733,1155,1254,1411
robert,233,245,252,278,586,597,604,630,750,917,975,1128,1139,1145,1149,1154,1248,1437
mary,233,245,586,597,1149,1154
elizabeth,233,245,586,597,1149,1154
steve,233,245,252,277,586,597,604,629,1129,1139,1145,1149,1154,1288,1428
single,233,328,586,1017,1154
weekly,233,586,708,904,913,926,992,1154
comnes,233,245,252,289,580,586,597,604,643,1071,1123,1145,1149,1154,1335
vance,233,245,586,1154
harry,233,252,465,586,604,904,985,1098,1145,1154,1385,1386
tom,233,245,586,597,950,1154,1299
leslie,233,586,721,1149,1154,1369,1372,1379,1385,1386,1396,1437
richard,233,252,277,328,427,586,604,629,1129,1139,1145,1154,1255,1319
tara,233,586,1154
sandra,233,252,586,597,604,1145,1149,1154
diego,235,427,436,448,454,654,902,1085,1087,1102,1319,1321,1322
cycles,236,588
spinning,236,588
million,238,284,590,636
profit,238,260,266,286,590,612,618,638,1137
process,238,590,937,1371
addition,238,1287,1351
draws,240,592,1152
including,241,244,593,596,691,747,846,981,1150,1151,1244,1250,1251,1269,1278,1360
forms,241,244,593,596,1150,1151
income,241,593,791,1006,1151
app,241,593,1151
talking,242,509,517,525,780,1076,1077,1330,1331
markets,242,493,509,517,525,549,693,742,771,781,785,868,934,1076,1077,1330,1331,1343
cera,245,581,597,1149,1158
crisis,245,597,1149
special,245,305,306,310,597,641,645,657,736,782,783,859,910,913,1064,1065,1149,1432
mday,245,597,1149
analysis,245,597,888,952,1149
phone number,245,597,1149
city,246,356,536,827
justin likes,246,536
stuff,246,536
art,246,536
pge,247,598
numbers,247,598,798
february,247,270,440,598,1086,1320
related,248,599,1148
opal,248,599,1148
sell,248,599,995,1148
aec,248,599,1148
operating,251,704,776,911,1383
doctor,251,602
available,252,604,827,984,1145
governor,252,604,1145
neil,252,604,1139,1145
hughes,252,604,1139,1145
james,252,604,695,742,1139,1145
release,252,604,1145,1263
ginger,252,604,1145
terri,252,604,1145
rita,252,604,1145
linda,252,604,1145,1364,1383,1400
bruno,252,604,1145
walker,252,604,717,1145
kaufman,252,604,868,934,1145
vanulden,252,604,1145
lazure,252,604,1145
wright,252,604,1145
fleming,253,605,1144
andreas,253,605,1144
ina,254,876,921,1289,1388
beck,255,607
options,255,264,277,328,616,629,790,1006,1129,1138,1410
run books,256,608,1143
night,256,258,311,608,658,821,922,1060,1143
option,256,258,608,610,940,943,948,1141,1143
susan,256,258,552,608,610,721,1141,1143,1437
jacques,259,611,1376
manage,260,612
onsite,260,612
conservative,260,612
actually,260,612,1294,1356
requires,260,612,779
noi,260,534,612,1075,1332
corner,263,1362,1398
shares,264,616,997,1138,1283,1377
second,265,617
statements,265,344,617,822
construction,266,286,618,638,1137,1294
split,266,286,305,306,310,618,638,641,645,657,1064,1065,1137
builder,266,286,465,618,638,1098,1137
permanent,266,638
cell,267,619
ngi,268,453,620,691,1109,1135,1244,1250,1324
indexes,268,620,1135
qfs,269,621,1134
payment,269,621,964,1134,1297
iep,269,621,1134
majeure,269,621,1134
legislation,269,621,1134
proposal,269,621,1134,1281
left,269,621,1134
interviewers,270,623,1133
recruiting,270,623,1133
programs,270,623,911,1133,1387
approximately,270,623,1133
thank,270,623,761,791,930,1133,1242,1286,1288,1395,1416,1424
chris,270,623,695,709,1133,1288
immediate,270,623,911,1133
late,270,299,364,653,1093,1120,1310
summer,270
kidventure,273,625,1132
petition,274,626,1131
divert,274,626,1131
travis,275,627,1130
mccullough,275,627,1130
ordered,276,567,827
language,277,629,1129
legal,277,629,1129,1287,1288
pat,277,629,1129
bankruptcy,277,629,1129
talk,277,629,1129
hansen,277,629,1129
mccubbin,277,629,1129
jan,278,630,689,891,1128
lease,283,635,1010,1125,1294
afternoon,283,635
phase,286,804,1282
pool,287,639
bank,288,642,785,1267,1284
idsmonique,291,646
technology,293,468,648,682,780,819,855,1083,1325
approve,294,649
bike,297,603,1068
timely,299,364,653,1093,1120,1310
values,299,364,653,1093,1120,1310
rose supply,299,364,653,1093,1120,1310
sheet,299,364,653,1093,1120,1310
spread,299,364,653,1093,1120,1310
sandiego,300,654,660,672,1102,1104,1119,1348,1350
version,300,654,660,917,1119,1348,1350
final,300,1104,1119
msn,301,609,1067
roll,301,1067
money,302,622
needing,302,622
rates,304,549,634,1066
units,304,549,634,1066
detached,304,634,1066
winmail,304,313,594,634,661,1058,1066,1069,1336
required cash,304,634,1066
marketing,305,306,310,534,641,645,657,827,950,1064,1065,1075,1332,1420
possible,305,306,310,641,645,657,1064,1065,1361
payments,305,306,310,641,645,657,958,1064,1065,1283,1303
screens,309,656,674,855,1062
barry,309,656,1355,1383
nov,311,468,658,803,936,1006,1060,1083,1325
yahoo,311,658,689,1060
durango,311,658,916,1060
cancellation,311,658,1060
vitol,311,658,1060
confirmation,311,658,1060
hotel,311,658,681,796,1060
rac,311,658,1060
appreciate,312,659,1059,1365,1371
nixon expansion,312,659,1059
anticipated,312,659,1059
start,312,659,796,934,1059
siting,312,659,1059
online,312,492,659,698,740,749,752,758,769,779,790,822,827,849,852,868,873,894,898,903,916,934,956,989,997,1018,1059,1210,1279,1304,1342
resumes,313,661,1058
space,317,356,665,1305
november,318,667,797,861,898,916,1056
bidweek,318,667,1056
team,319,552,668,857,1055
hardware,319,668,1055
test server,319,668,1055
support,320,669,682,792
asserted,321,1363,1364,1428
plasma,324
ability,328
valuations,328
tds,328
grid,328,493,549,1343
consolidation,328
changed,328
managed,328
things,328,855
issues,328,1287,1365,1371,1377,1405
requirements,328,1360
help,328,792,831,869,908,937,985
desired,328
curves,328
volatility,328
rows,328
conversions,328
setting,328
uom,328
location,330
think,333
sacramento,335,1100,1307
measures,335,460,1084,1100,1307,1323
station,345
college,345
receive,350,729,768,787,799,902,955,1302
notice,351,405,420,481,501,666,1078,1081,1088,1091,1099,1103,1308,1316,1318,1327,1329,1349
exodus,356
facilities,356
poole,356
seattle,356
businesses,356,1010
distributed,356,933,961,1300,1425
centers near,356
revenue,356,813
valley company,356
square,356
capital,356,703,727,743,785
infrastructure,356,427,1319,1385,1386
growth,356,693,742,768,781,785
networks,356
optic,356
angeles,356
seven,356
issue,356,484,1182
potentially,356
building,356,699,728,761,792
abovenet,356
bandwidth,356
puget,356
lights,356
denver,356,552,857,910
megawatts,356,493,704,1343
loads,356
school averages,356
run,356,695
concerns,356
footing,356
visit,359,492,1097,1210,1309,1342
dow,359,549,1008,1097,1309
composite,359,1097,1309
jobs,359,741,917,1097,1309
career,359,741,746,1097,1309
service,359,690,698,707,713,741,746,749,750,767,775,789,793,819,822,847,849,854,856,865,888,894,901,903,911,917,975,977,997,1008,1017,1018,1097,1243,1248,1253,1254,1309
selections,359,741,746,833,856,962,973,980,982,1008,1018,1097,1309
holiday,359,821,847,879,903,942,952,1097,1108,1309
monday,359,493,701,724,741,746,783,833,842,856,877,884,936,962,970,973,980,982,1008,1015,1018,1097,1265,1309,1343,1404,1414,1424,1425,1437
careerjournal,359,741,746,1097,1309
buy,369,491,703,727,730,743,745,759,765,784,808,809,812,847,898,916,1007,1096,1211,1266,1267,1311,1341
coverage,369,491,703,727,730,743,759,765,784,808,812,1007,1096,1211,1266,1311,1341
downgraded,369,491,730,743,808,1096,1211,1267,1311,1341
upgraded,369,491,703,727,730,743,745,759,765,784,809,812,1007,1096,1211,1266,1311,1341
briefing,369,491,703,727,730,743,765,784,808,809,812,1007,1096,1211,1266,1267,1311,1341,1382
brothers,369,745,808,812,1096,1311
chase,369,956,969,988,1096,1311
brokerage,369,1096,1311
firm,369,1096,1311,1396
site map privacy policy,369,491,730,812,1096,1211,1266,1311,1341
perform,369,1096,1311
kasper,369,1096,1311
supply,374,868,1092,1312
puc staff,374,1092,1312
complex,375
free,376,385,699,711,713,714,740,779,780,789,790,819,821,851,852,853,901,903,913,920,956,1002,1010,1110,1304,1305,1314
sullivan,379
books,379
autoweb,385,859,916,1001,1110,1314
car,385,916,1110,1314
href,385,1110,1314
email newsletters,385,1110,1314
audio,385,1108,1110,1314
step,385,1110,1314
factory,385,1110,1314
automotive,385,1110,1314
models,385,1110,1314
java technology,385,1110,1314
dimensional,385,1110,1314
mime,386,640,685,906,983,1003,1094,1105,1315,1347
spotwed,386,983,1003,1094,1315
wish,388,1236
small truck,392,1233
roughly,396
july,398,1227,1379,1381,1387
flatlandsal,403
listing,405,1091,1316
officers,407
weekend,408,687,831,903,904,963,1298
article,411,757,804
pleasure,414,1090,1317
wade,417
constraint,420,501,1078,1088,1318,1329
truck,424
river,427,1319
probably visit,433
orientation,440,1086,1320
december,440,468,891,937,984,1083,1086,1108,1320,1325,1434
associate,440,496,1086,1208,1320,1344
sarah,448,1321,1396
bales,450,1118
farmer near,450,1118
notifications,453,691,846,981,1109,1244,1250,1251,1278,1324
capsplease,454,1322
extraordinary,460,1084,1323
period,460,757,1084,1323
measuresphillip,460,1084,1323
relief,460,992,1084,1323
niccole,462
lime,464,465,1098,1107
arry,464,1107
extraordinaire,464,1107
sleuths,464
wrote,464
romans,465,1098
interesting,465,1098
background,465,1098
ash,465,1098,1305
later,466
change,468,803,891,1006,1083,1325
close,468,689,803,891,1006,1083,1325
source,468,689,803,1083,1325
germany,468,803,891,1006,1083,1325
insight,468,752,773,891,1083,1325
deregulation,468,1083,1325
japan,468,689,803,891,1006,1083,1325
braz,468,689,803,891,1006,1083,1325
demand,468,493,1083,1325,1343,1396
banner,468,1083,1325
nasdaq,468,689,803,891,1006,1083,1325
revolution,468,1083,1325
ext,469,471,886,1054,1070
green,470,1061
bldg,470,1061
sustainable,470,1061
earth,470
tech,475,750,819,847,888,952,977,1082,1243,1326
stained,483,1216
colors,483,780,1216
tiles,483,1216
cement floor,483,1216
scale,483,1216
sautillo,483,1216
hemp,484,1182
industry,484,552,742,752,785,813,920,997,1182
poor,484,1182
hcfr,484,1182
farming,484,1182
precedence,484,1182
sender,484,1182
organic,484,1182
northern,484,493,1182,1343
chemical,485,1115
dry,485,1115
stain,485,1115
wells,485,1115
house book,485,1115
standard,485,682,851,888,1115
feedback,490,963,969,988,1212,1298,1340
pep,490,719,1212,1340
completed,490,827,877,1212,1282,1340
darron,490,1212
pmc,491,1211,1341
outperform,491,1007,1211,1341
salomon,491,698,742,745,749,808,812,822,849,894,1211,1341
nextcard,492,1210,1342
privacy,492,796,1000,1108,1210,1249,1342
applicant,492,1210,1342
nytimes,492,1108,1210,1342
seconds,492,1210,1342
saving money,492,1210,1342
based,493,1343,1431
amid,493,741,1343
california peak,493,1343
southern,493,717,1343
bloomberg,493,1343
increase,493,1343
coast,493,717,1343
cinergy,493,1343
interconnected,493,1343
temperature,493,1343
sold,493,1343
mid,493,572,924,1343
region,493,752,1343
transmission,493,1343
delivery tomorrow,493,1343
cause,493,1343
degree,493,1343
tennessee,493,1343
dailies,493,1343
southeast,493,1343
ranged,493,1343
spot,493,685,906,1343
problems,493,687,761,949,1343
bids,493,1343
tra,493,1343
exchanged,493,1343
nuclear,493,1343
expectation,493,1343
winter,493,1343
volumes,493,701,949,1343
entergy,493,1343
fell,493,1343
heat,493,1343
climbing,493,1343
closed,493,1343
season,493,782,783,848,1343
asap,494,1080,1328
analyst,496,549,752,755,1208,1344
jones,496,549,982,1008,1018,1208,1344
strategies,497,1207,1346
emissions,497,1207,1346
enron commercial,497,1207,1346
regulation climate,497,1207,1346
efforts,497,1207,1346
broad,497,1207,1346
strategic,497,771,1207,1346
rsvp,497,1207,1346
traveling,505
horton,505
allison,505
christy,509,1077,1330
rockies indeces,519
chad,523,1438
cornerphillip,526,1194
brokers,534,1075,1332
follow,534,1075,1332
file attached,534,1075,1332
bills,534,1075,1332,1359
engage,540
ticketsno,545
piece,546,1074
systems,546,704,713,767,793,1074,1333
iso,549,683
plants,549
aes,549
spokesman,549
emission,549
gmt,549
lednicky,549
maintenance,549,908
sells,549
inspection,549
duke,549
rolling,549
beach,549
newswires,549
puc,549
commission,549,761,910
edison,549,704,1139
huge,549
feedwater,549
retransmission,549
megawatt,549,707
visited,549
told,549
reserves,549
sources,549
landing,549
dorinson,549
dynegy,549,704
regulators,549
huntington,549
reporting,549,685,719,1360
federal,549,782,783
unplanned,549
meaning,549
nicole,552
reservations,552
early,552,720,934,995
april,552
gross,566
pgi,566
kids learned,570
producer,573
morning,576,839,840
road,601,994,1354
appropriate,606
rolesusan,607
partnershipgeorge,615
earlier,618
scheduling,623
remember,623,1133
formted,639
dirty,640,1105,1347
aug,663
draw,678,1261,1290
developer,678,1290
payee,678,1290
thorse,678
messenger,678
acceptance,679,696,718,751,754,774,800,801,816,828,860,880,882,895,899,905,912,919,953,957,978,1004,1019,1247,1252,1272,1276,1296
travel,681,1108
discounts plus,681
save,681,898,1433
addresses,682
necessary,682
application,682,719
firstname,682
lastname,682
staff,683,813,920,1369,1372
informal,683
written comments,683
periodic,683
fisher,683
pease,683
enforcement,683,806
gas prices,685
identification,686,946,968
tag,686
outside,686
usage,686
party,688,879,1384,1390
meetingi,688
imag,689,707,780,803,891,898,901
chang,689
story,689,803,891,1006
oil,689,803,1006
psc,689
stocks,689,934,1293
coal,689,891
petroleum,689
backs,689
kruptcy,689
briefs,689,803,891,1006
envir onmental,689
cleans,689,891
tradingday,689
ind,689
mge,689
res,689
anchordesk,690,713,750,767,793,819,847,854,887,888,903,917,942,952,975,997,1017,1243,1248
revealed,690
zdnet,690,713,750,767,819,847,854,865,887,888,903,917,942,952,975,1017,1243,1248
messages,690,975,1243
latest,690,1017,1108
microsoft,690,819,854
music,690,723,986,997
antitrust,690,917
srivats,690
monopoly,690
_____________________crucial,690,713,750,819,847,854,887,903,917,975,997,1017,1248
hands,690
investigation,690
potential,690
windows,690,942,1248
developers troubleshoot,690
techupdate,690
natural,691,704,846,1244
future,692,758,956,1305
earnings,693,730,742,745,777,781,785,808,812
axp,693
est,693,742,777,781,785,1001
eps,693,742,777,781,785
securities,693,730,759,785,794,977
upcoming,693,742,777,781,785,936
dec,693,777,781,910,924
view,693,695,742,777,781,785,812
bear,693,781,784,1305
estimates,693,742,777,781,785
announcements,693,785
csfb,693,745,808,812
world,693,950,1299
ustry,693
sector,693,777
fantasy,695,747,857,902,1108
question,695,857,948
players,695,857,902
defense,695
wideout,695
recommend starting,695
thrash,695
best,695,888,967,975,1108,1387
matchup,695
football,695,857,902,1000
icon,695
charlie,695
vermeil,695
sha,695
brookins,695
supp,695
guru,695,857,902
sport,695
gridiron,695
weeks,695,857,877
pinkston,695,857
laveranues,695
carol,695
ends,695
walls,695
tip,695,857
drop,695,746
offensive,695
october,697,710,717,728,783,836,842,843,1265
barney,698,745,749,808,812,822,849,894,1007
confirms,698,749,849,894
acrobat,698,749,822,849,894
client,698,749,813,822,849,894,920
transferred,699
ets,699
changes,701
increment,701
ene,703,727,759,765,784,809
pollution coal,704
electricity,704
long,704
bergstrom,704
billion,704,833
studness president,704
fired,704
says,704,891,1305
remain,704,794
midwest,704
burning,704
forbes,704
vice,704,776
hot exhaust,704
scenario sounds,704
troubled,704
commonwealth,704
employees,705,715,821,877,879,911
houston,705,984
enron badge,705
yvonne,705
paulo,705
dubai,705
calgary,705
bothell,705
veronica,706,841,867
atlas,707
expert,707
portable,707
promotion,707,1002
activity,707,1385,1386
custserv,707
introductory,707,758
openspirit,708,926
baptist,708,926
spouse,708,926
ashford,708,926
fundies,709
operations,709
nuts,711
media,711,1288
preston,713,750,767,793,819,847,854,887,888,903,917,942,952,975,997,1017,1243,1248
intel,713,952
consumer,713,868
sun,713,1017
pizzazz,713
mechanical,713
_____________________expert,713,767,854,865,942,997
answered_____________________david,713
economy,713
hello,713
advice_____________________,713,865,887,888
fly,713
weight,714,883,992
vivatrim,714
younger,714
want,714
forget strenuous,714
england,714
diet,714,992
regency,715
imperial,715
invested,716
funds,716
approaching,716
deductions,716
savings,716,795,848,1010
contribution,716
jdrf,717
walk,717
tickets,717
diabetes,717
fun activities,717
janice,717,767,903,975,997
join,717
del,717
entertainment,717
provided,717,792,850
sneakers,717
raffle,717
color,719,892,897,1010
stephanie,721
nicolay,721,1396,1428,1437
tholt,721
gay,721,884
suzanne,721
jason,722
external candidates,722
internal,722
awaiting feedback,722
final recommendations,722
zoya,722
leon,722
portland,724,725,1271
participant,724,881,960,968,1271
cooper,724
ryan,724
wtc,726,1273
ion,727
wide door,728
usually,728,822
laod,728
school,728,1010
dad,728
bit,728,750
soffit,728
right,728,958,997,1303
entry,728,787
updating,729,955,1302
glw,730
initiate,730
lynch,730,777,809
downgra,730
epoch,730,785
deutsche,730
iwon,731,787,897,1245
bennett,732
jose,732
davenport,732
kaye,732
ford,732,898,916
tony,732,1139
jacobson,732
murillo,732
winstead,733,734,735,736,737,1259,1260,1421,1422,1427,1432
reimbursement,733,737
agape,733
escrow,733
enclosed,734,1421
deed,735,736,1432
company acknowledged,735,736,1432
apts,735,736,1432
avenue,735,736,737,1259,1260
lakeline,735
com,736,759,1000,1266,1396
michelle,736,1287,1421,1422,1427,1432
contract,736,798,843,1361
randy,739,1139
sprint,740,787,1002,1304
digital,740,779,888,913,975,1002
certificate,740,790,1002,1304
trio,740
distance,740,1002,1304
thing,740
compaq,741
loss,741
amazon,741,768
retailer,741
eog,742,1267
net,742,777,781,854
wiel,742
oils,742
research data,742
continuing current,742
mundy,742
sanders,742
raymond,742
klauer,742
freidman,742
morris,742
lyonnais,742
morgan,743,777,1266
cpn,743,781
master,743
privacy policy,743,759
incorrect,744
downgrad,745
coverag,745,809,1267
jdsu,745,785,808,812
hold,745,808,812,1266,1305
cibc,745,781,812,1266
robertson,745,777,785,808,812
site map privacy,745
amr,746
quarterly,746,1008
continuous,746
eastman,746
league,747
commissioner,747,857,902
basketball,747
prizes,747
kathie,748
apple,750,767,819,887,942,1008
somogyi,750
stephen,750,917,1277
counterparts,750
launched,750
saying,750,1367
frustration,750
popularity,750
sony,750
minutes,752
telecom,752,1006
capability,752
providers,752
times,753,984,1108
community,753,883
family,753
nation,753
hope,753,1243
associate recruiting,755
saturday,755,1413
candidates,755
sessions,755
designated,757,804
learner,757,804
example,757,804
kirk,757,804,936,937,947,948,1286,1287,1288,1431
mery,757,804,805,886,939,1009
revisions,757,804
accenture,757,804,805,842,936,937,938,948,1009,1262,1265,1287,1288
following condition,757
present,757,804
card,758,827,873
getsmart,758
providian,758
product offerings,758
chip,758
smart,758
huntley,761,1264
disclosure,761
possibly,761
valley,761
heather probably,761
regards,762
candidatehi,762
adrianne,763,839,840,1353
effort,763
expense,766,818,909
xp_____________________david,767
notebook,767,975
software,767,780,793,827,1220
listings,767,952
knowledgeable technical,767
forget,767
cloud,768
person,768,890
yancey,768
soul,768
southerland,768
donahue,768
robinson,768
offers,769,823,850,873,916,956,962,980,992,1249
pounds,769
network,769,780,992
focused,771
origination,771
roles,771
producing,771
fred,771
unchanged,771
optimization,771
regional,771
natgas,772,1291
www,773,783,813,920
guard service,773
signing,773
ratings,773,916
employers insurance,773
offers brought,773
mortgag,775
schwab,775
ents,775
loans,775
reserved,775
charles,775,1139
ively,775
lows,775,868
responses,775
housing,775
securely,775,956
rights,775,904
lowscan,775
sipc,775
continue,776
named,776
announces,777
amgn,777
pershing,777
discount,777,827
kets,777
low,779,934
bass,779
sprint long distance,779,790
player,779
hayo,779
awaiting,779
adjust,779
display,779,790
redemption,779
stereo,779
recurring,779
morpheus,780
feature,780,1108
announcement,780,843
stay,780,1424
quick,780,871
lickety,780
completing,780
streamcast,780
compatible,780
questi,780
passwords,780
advert,780
users,780
articles produce video,780
egift,780
provider,781
rch data,781
barings,781
connection,782,783,910
annual,782,783,910
seminar,782,783
findings,782
capcon,783
jun,785
investment,785,795,869,1305
corporation,785
sands,785
win,787,789,902
sweepstakes,787
tenants,788
integrity,788,845,994,1292
properties,788,994
trader,789,970,1288
alerts,789
arrangements,790
lcd,790
talkabouts,790
motorola,790
radios,790
taxes,791,827,1283
renee,791,1283
distribution_,791
pam,791
outages,792,831,908
servers,792,888
backout,792,831
pager,792,831,908
impacted,792,831,908
disks,792
networking,792,831
environments,792,831,908
edi_qa,792
purpose,792,831,908
powered,792,831
brennan,792
bangerter,792
secure,793
anti,793
think user,793
law,793,968
josh,793,865,887,942,1017
acted,793
coursey_____________________,793,903
jane,793
easy,793
moving,793
animations,793
snazzy,793
documents,794,822,1373,1420
litigation,794
court,794
related party,794
suspended,794
reform,794
transition period,795
begins,795,891
auctions,796
resort,796
vegas,796
cruises,796
ubid,796
casino,796,897
gage,796
certified,796
agent,796
advertised,796,1000
levels,796
vacations,796
bid,796,1383
tourister,796
chips,796
mammograms,797
wellness,797
mammography,797
certification,797,1420
gss,798
telecommunications,798
offices,798,869,877
sourcing,798
located,798,1370
international,798
cards,798,956
beginning,798
governing,802,830,832,1295
baseload,802,830,1416,1417
proposes,803
gas markets,803
point,803,1331,1433
headlines,803,1006
divisiveness,803
customer service,803
plan moving,803
util,803
caf,803
refuge,803
mandate,803
nce,803
anwr vehicle,803
period following,804
accept,804
deliverables,804
cheers,804,1287
yevgeny,804,948,1431
dial,805,1009,1288
threats,806
suspicious,806
upgrades,808,1267
stephens,808
hark,808
soundview,808
rauscher,808
downg,809
jef,812
initiated,812
pros,813,920
optimize,813,920
workshops,813
agenda,813,910,1364
senior,813
solutions,813,920,997,1017
candy,813
dynamic,813
announced,813
soli,813
perspective,813
commerce,813
president,813,1139
breakfast,813
continental,813
ago,814
floor,814
apollard,814
strong,819
audiences,819
fiorina,819
mcnealy,819
crm,819,847,942,975,1243,1248
password,819,890,958,1285,1303
gift,819,887,917
joined,819
citrix,819
software maker,819
activation,819
gorilla,819
execs crave,819
speech,819
cancer,821
aeros,821
heart,821
shopping,821,847
screen,821,1305
opportunities,823
discounted,823,922
opt,823
warmest,823
rewarding,823
inclu,823
titles,823
waterhouse,826,868,934
upward,826
ira,826
gdp growth,826
funds rate,826
quarter,826
able,826
alloc,826
arbeter,826,868
reinvestment,826
completeness,826,868,934
lev,826
resistance,826
downward,826
reserves remains,826
according,826
nyse,826,934
negative,826
widespread,826
bot,826
cycle,826
record,827
shipped,827,850
include,827,1383
discs,827
fax phone,827
contacts,827
zip,827,1285
countries,827,1006
informative,827
masterdisc,827
billed,827
sic,827
domains,827
contains,827
webmaster,827
dakota,827
removal,827
owner_name_,827
local,827
title,827,892,1257,1264
admin,827
washington,827,904
fortune,827
versions,827
tech_contact_name_,827
credits,827
admin_contact_name_,827
verify,827
extract,827
coral,827
fields,827
promotional,827,853
charges,827
name_server_,827
osta,827
delivery,827,932
section,827,1108
listed,827
relations,829
calls,829
callstrade,829
servers change,831
cables,831
vpn,831,937,1287
router,831
edi,831,908
ios,831
fox,831
gtc,832
physicals,832
minimal,832
departments,832
lockheed,833
department,833
amica,833
copyright,833,1008
subscription,833,856,863,962,971,980
sheettemp,834
expansionsummary,835
pgt,837
brent,838,839,840
meet,842,939
phillipkallen,842,869
monica,842,1262,1265
confidential,842,1002,1265,1361
presenter,843
tool,843
simulation,843,1262,1431
coneway,843
tamara,843
executed,844,1420
estate,845,1357
educational,845
albert,845
adrian,847
creating,847
favorite,847,942
government,847
vacation,847
customization,847
graphics,847
catalog,847
wireless,847,855,865,887,901,962,975,980,1243,1248
standardizing,847,975,1243,1248
red,847
eye,847
lan,847,1248
tools,847
burgers,848
byg,848
norton,850
cases,850,948
retail,850,903,994,1292
clutter,850
solves problems,850
threats optimizes,850
faxes,850,877
sturdy,850
basictm,850
directv,851
holidays,851,890,984
programming,851
limited,851
choices,851,1001
movie,851
electronics,851,890
termination,851,1283
suspension,851
ted,851,1139
shipp,851
titanium,852
sprint long,852
quartz,852
watch,852
genuin,852
hand,852,854
silver,852
colorful,854
guide,854,865,917
fonts,854
server,854,908
handhelds,854,887,903,917
notebooks,854,887,888,903,917
bad,854
gamecube,854
informed,855
messaging,855
cnn,855
turret,855
channel,855
amtel,855
stentophon,855
reduced,855
keeping,855
property,855,935,1292,1351
nec,855
telephony,855
environment,855
accessed,855
consistent,855
high quality,855
avaya,855
sunday,856
phillips,856
games,857,903
playoff,857
starting,857
flutie,857
brady,857,902
muhammad,857
injury,857
bench,857
gannon,857
trouble,857,902
past,857,903
hakim,857
martin,857,904,964,970,1297
toyota,859,916
camry,859
reliability,859
gene,859
subsequent,859
newsl,859
banking,861
protected,862
comdex,865,917
anchordesk comes,865
better,865,975
launch,865
myths,865
unique,865
search,865,917
bears oxygen,865
sites,865
mashed,865
websitein,866
recent,868
sachs,868,934
september,868
purp,868
gain,868
attack,868
stimulus package,868
tdwaterhouse,868,934
mortgage,868,1398
wills,869,1294
quickly,869
harker,869
post,869,1294
working,871,1370
paycheck,871
napoleon,871
minute,871
incidents,871
simply click,871
gold,873
household,873
stenos,874
alex,874,1139
brandee,874
wires,876
pilots,876
voice,876
pack,876
courses,877
registrations,877
mba,877
gmat,877
tuition,877
applicants,877
exams,877
class,877,1014
specific,877
schools,877
enrollments,877
gpa,877
experience,877,901
room,878,1015
ideas,878
parking,878,972,1384,1389,1390
wall,878
dormer,878
forward,878,936
given,879,947
considered,879
canceledi,879
infoplease,881,960
volunteer,883,911
opportunity,883,922
relations web,883
noah,883
biliana,884
south,884,921,1246
privileged,886,936,937,939,949,963,967,1286,1287,1288,1289,1298,1301
wayne,887,1139,1243
bloatware,887
factor,887
html,887,892,996
computing,887
perfect,887,890,975
ample lip service,887
going,887,948
boost,887
pentagon,887
trial,887,917,977
phones,888,903,962,980
gadget,888
shop online,888
technological,888,934
approach,888,963,1298
camera,888,1002
sql,888
carr,888,942
toys,890
big,890,1001
stocking,890
mexico,891,1006
dis,891
tribution,891
posed affiliate,891
env ironmental,891
vital information,891
face,892
mailing,892,922
size,892,1249
width,892,996,1249
notification,896
dvd,897
wave,897
win prizes,897
cars,898
usa,898
resources,898,1009
reuters,898
extends,898
auto,898
fiat,898
italy,898
lancia,898
ceo,898
big future,898
shakeup,898
autotoolbox,898
rack,898
bud,900
cellular,901,996
questionable,902
staley,902
ricky,902
getting,902,997
dillon,902
standings,902
hearst,902
sortable,902
respectable,902
turkey,903
extra,903
lame,903
fbi,903
departs,903
average,904
showtimes,904
stone,904
heading,904
toy,904
animated,904
beloved,904
rtony,904
pitt,904
custome,904
lawrence,904
opening,904
ethan,904
monsters,904
rdenzel,904
amelie,904
rgene,904
rseth,904
dunvale,904
rdr,904
grint,904
studio,904
dogg,904
backout restore,908
enpower,908
infinity,908
equities,908
disk space,908
siebel,908
jordan,908
nahou,908
cpr,908
rms,908
pops,908
ecm,908
interconnect,910
topic,910,936,945,963,1298
match,911
vip,911
commercial,911
orders,911
review issues plus,913
selling,916
hartford,916
inform,916
gmc,916
researching,916
rebate,916
buick,916
envoy,916,1001
profiles,916
mercedes,916
hyundai,916
suv,916
test,916
financing,916
crash,916
quote,916
ipod,917
malicious,917
potter,917
attacks,917
reality,917
linux,917
las,917
violations,917
estimatesgood,918
revenues,920
profitable,920
seminars,920
incremental,920
locations ask,920
conference access,920
mog,921
welcome,922
negotiating,922
rewarding online,922
external,927,928,948,991
updates,929
addressed,929
apkpcp,930
npw,930,931
plus fixed fee,932
immediately,932
sections,933,961,964,1297,1300,1425
balances,933,961,1300,1425
disability,933,961,1300,1425
dollar,933,1425
neal share,933
sum,933,961,964,1297,1300,1425
election,933,961,1300
margin,934
corporations,934
greater,934
productivity,934
select,934
borrowing,934
nomy,934
protection,934
investing,934
continuing,934
reese,936
smes,936
eod,936
script,936
lewis,936
schedules,936
mcmichael,936
quigley,936
berney,936,937,947
plaza,936,937
topic_v,937,947
subtract,937
cob,937
challenging,937
org,937
days,938
reviews,939,963,1298,1435
contain,939
purchase,940
dutch,940,943,944,1431
embedded,940
swap,941
cable,942,980,982
telephone service,942
gets,942
plugged,942
digital jukebox,942
bells,942
products,942
difference,942
realm,942
aucoin,947
brm,948,966
enrons,948
cutting,948
new company,948
coleman,948
exercises,948
thanksgiving,949,1288
clicking,950,1299
free software,950,1299
virtua,950,1299
crayola,950,1299
heritage,950,1299
chessmaster,950,1299
designer,950,1299
act,950,1299
sega,950,1299
encyclopedia,950,1299
simon,950,1299
squad,950,1299
food,950,1299,1390
deer,950,1299
rabbit,950,1299
house,950,1299
interactive,950,1279,1299
radio,952,975
fashion,952
stephan,952,1248
stuffing,952
pcs,952
pressplay,952
hot,952,1305
gralla,952,997
try,952
worm,952
wide,956
automatically,956
accounts,956,958,964,1285,1297,1303
ibs,958,1285,1303
gordon,958,1285,1303
geninfo,958,1285,1303
blown,958,1303
prized,958,1303
christina,958,1303
minister,962
downtime,962
decisions,962,980
official,962
share,964,1297,1425
administrators,964,1297
complicated,964,1297
reg,964,1297
methodology,964,1297
payout,964,1297
choice,966
skipping,968
comprehensive,968
complete,968
rules,968,974
electronically,968
backtest,969,988
included,969,988
stack,970
shively,970
sever,970,989
pass,972
bus,972
metro,972
technologies,973
electronic,973,982
ebpp,973,982
life,973
component,973,982
performed,973
forgot,974,1275
coming,975
sense,975
longer,975
chen,975,997
dogs,975
crawl_____________________david,975
intercontinental,976
edge,977
known,977
important,977
premium,977
best telecom,977
bonus,977
thestreet,977
broker,977
newgen,979,1367
bytes,983
ticketmaster,984
scheduledas,985
dailytotal,990
stop,992
helped slowly,992
completely,992
creek,994
highway,994
classes,995,1434
bird,995
charts,995
basics,995,1279
kase,995
detailed,995,1246
methods,995
manner,995,1294
learn,995
font,996,1249
fireworks,996
div,996
height,996
img,996,1249
text,996
shim,996
head,996
created,996
finding,997
ebusiness,997,1017
downloads,997,1243
terrorism,997
juice,997
authentication,997
movies,997
grocery,998
coupons,998,1249
plays,1000
planters,1000
informat,1000
suvs,1001
improv,1001
predecessor,1001
file attachment,1003
trivia,1005
examining,1006
ulations,1006
united,1006
northwest,1006
customer participation forces,1006
hydrogen,1006
nikkei,1006
ful,1006
production,1006,1288
msft,1007
initi,1007
secur,1007
goldman,1007,1377
beat,1008
self,1008,1018
transformation,1008,1018
emc,1008
specials,1010
laserjet,1010
promotions,1010
lane,1010
followup,1016
transistor,1017
flat,1017
instead,1017
fewer,1017
incompatible,1017
nanotechnology,1017
pdf,1017,1420
berlind,1017
nerds,1017
thinkers,1061
hayden,1082
recommend,1107
seasonal,1108
photo,1108
lennon,1108
brings,1108
enjoy salsa music,1108
articles,1108
photographs,1108
wiper,1108
conversation,1108
remembering,1108
wind,1108
clunker,1108
wiener,1108
exclusive,1108
editor,1108
fulltime,1133
jana,1133
cpuc,1139,1385,1386
kent,1139
eric,1139,1383
roger,1139,1385,1386
abb,1139
andy brown,1139
audit,1139
douglas,1139
marty,1139
paula,1139
edward,1139
smutny,1139
jack,1139,1396
steven,1139
pete,1139
kpmg,1139
kelly,1139,1383
lynn,1139
ruling,1139
following documents,1139
email came,1139
jfeldman,1139
bcragg,1139
nam,1139
levitt,1139
large,1191
vendor,1220
remaining officers,1223
books believe,1240
heather,1242,1399,1403,1426
rash,1243
pretty,1243
crystal,1243
making,1243
battlefield,1243
secrets,1243
catching,1243
peer,1243
converts,1243
predictions,1243
takes,1243
tale,1243
prize,1245
communicate,1246,1363,1364,1405
tammy,1246
restart,1246
good time,1246
microsoft love,1248
remedy,1248
sure beat,1248
woes,1248
vamosi,1248
case,1248
_____________________david,1248
pizzas,1249
bgcolor,1249
align,1249
coords,1249
printing,1249
sportsline,1249
hunter,1253,1383
bishopscontract,1253
panels,1255
custom home,1255
alternatives,1255
spray insulation,1255
stick,1255
oaks,1256
mmp,1259,1422
mmpred,1260
righi,1262
optics,1263
contain privileged,1265
needham,1266
csco,1266
lazard,1266
accumulate,1267
prov,1267
request,1273,1437
copy,1273
hard,1273
breakout,1274
looking,1277
thierheimer,1277
bilby,1277
golf,1277
sbilby,1277
wedding,1277
nexis,1279
customize,1279
presentations,1279
clinics,1279
publications,1279
company information,1279
attend,1279
esource,1279
lexis,1279
muni,1281
ubspainewebber,1281
webb,1282
target,1282
focus,1282
oxley,1282
plan provision,1283
day preceding,1283
transferring recordkeeping,1283
distributing,1283
surfing,1284
columns,1284
converted,1284
transaction,1284,1378
correctly login,1285
invalid,1285
stories,1286
sme,1286,1431
shoot,1286
revised,1286
contacted,1286
type,1287
scripts,1287
scenario,1287,1288
intro,1287
sheri,1288
videos,1288
edits,1288
conversion,1288
delete,1288
cciotoli,1288
convenience,1292
strip,1292
excellent,1292
originally,1294
repair,1294
renewals,1294
cookbook,1299
path,1301
rewards,1304
promotion excludes,1304
investors,1305
place,1305
industrial,1305
finances,1305
securities answers,1305
broadband,1305
sectors,1305
trends,1305
latin,1305
sponsor,1305
herring insight,1305
predicting,1305
stearns,1305
multex,1305
tiffany,1333
yeun,1340
jsmith,1351,1373
trades,1352,1358,1366
bcf,1352,1358,1366
jay,1352,1366,1392,1393,1395
jean,1353,1430
meier,1353
baughman,1353
ben,1353
vickers,1353
stagecoach,1354
pauline,1354,1373
settlement,1354
faith,1355
designs,1356
foundations,1356
floorplan,1356
sabas,1356
tract,1357
exchange,1357
entity,1357
letter,1357,1388
transfer,1359
holder,1359
assignment,1359
finds,1360
paso,1360,1396
merchant,1360
donna,1360,1428,1437
hertzberg,1361
states,1361
dwr,1361
christian,1361
solution,1361
small,1361
type recovery,1361
calger,1361
mitigation,1363,1364
order,1363,1364,1400
epsa,1363,1364,1396
proposed agenda,1363,1405
independent,1363,1364
picture,1363,1364
device,1363,1364
activities,1363,1364
dave,1364,1400,1405,1428,1437
western,1369,1372
rebecca,1369,1372
eva,1370
flexibility,1370
cantrell,1372,1396
becky,1372
pacific,1373,1378
kelsey,1374
fun,1374
shape,1374
discussing,1374
candid,1374
camp,1374
maybe,1376
leboe,1377
presto,1377
rob,1377
fernley,1377
consent,1378
duty,1378
base,1378
california gas intrastate,1379
buerger,1379
hedging unbundling,1379,1381
mailto,1381,1396
rubena,1381
lawner,1381
oei management,1383
exploration,1383
outsourcing,1383
discovery,1383
pipeline,1383
deepwater,1383
reserve,1383
reference,1383
mountains,1383
brawner,1383
american supply,1383
block,1383
true,1384,1389,1390
invited,1384,1389,1390
light,1384,1389
indecency,1384,1389,1390
dress,1384,1389,1390
hedging,1385,1386
draft,1385,1386
real markets,1385
associates,1387
reply,1387
strongly,1387
disagree,1387
agree,1387
confidentiality,1387
toubia,1389
bring,1390
simulated,1392,1393,1395
simtrader,1392,1393,1395
session,1394
julie,1396
calpine,1396
topics,1396
gallagher,1396
allocation,1396
ghinners,1396
nat ural,1396
serv,1396
jmartin,1396
mreddy,1396
fundamental,1397
assessed,1398
bernadette,1400,1428
consumers,1400
conference,1400
judge,1400
perrino,1400
payables,1401,1419
ibuyit,1401,1419
invoice,1401,1419
walt,1402
shelly,1402
west_delta_pos,1403
ops,1404
pigging,1404
nancy,1404
kristin,1404
refund,1405
steffes,1405
questar,1406
hopefully,1408
griff,1408
deal value,1410
chemo,1411
promoted,1412
salary,1412
ermis,1412
norma,1412
format,1415
krishna,1415
dates,1415
frame,1415
publication,1416,1417
tori,1416,1417
liane,1417
monique,1417
material,1419
cert,1420
hud,1420
vod,1420
architect,1420
info,1420
amendment,1420
ink,1420
msimpkins,1422
ceci,1424
agreements,1427
caiso tariff,1428
mrha,1430
offsite,1430
miller,1430
nominee,1431
vince,1431
mcdaniel,1431
revised assuming,1431
personal,1434
exempt,1435
luce,1435
jeanie,1435
erik,1436
fallon,1436
schedule,1436
rangel,1436
required,1437
parties,1437
significantly,1437
rehearing,1437
kristann,1437
melinda,1437
gonna,1438
